ID,Product Name,Category,Quantity,Unit,Price per Unit,Supplier,Batch Number,Expiry Date,Expiry Status,Reorder Level
1,Ibuprofen,Antibiotic,322,Tablets,11.01,HealthPharma Inc.,8B8A1F19,17/05/2026,Expiring Soon,26
2,Amoxicillin,Vitamins,401,Tablets,32.49,CareMeds,E22F6272,26/09/2026,Valid,23
3,Cough Syrup,Vitamins,290,Capsules,31.02,CareMeds,C4C45C88,17/05/2026,Valid,47
4,Cough Syrup,Cough & Cold,461,Capsules,40.66,HealthPharma Inc.,AA107332,31/03/2026,Expired,27
5,Paracetamol,Vitamins,17,Sachets,48.55,PharmaCorp,6447214,7/2/2026,Expiring Soon,34
6,Amoxicillin,Pain Relief,275,Tablets,31.85,Wellness Distributors,83513BBB,13/06/2026,Expired,32
7,Cough Syrup,Antibiotic,39,Capsules,21.11,PharmaCorp,00DAD00F,14/07/2025,Valid,44
8,Vitamin C,First Aid,216,Bottles,13.63,HealthPharma Inc.,863F4813,5/9/2025,Valid,20
9,Antacid,Cough & Cold,474,Capsules,3.35,CareMeds,8043D7AB,5/9/2026,Expiring Soon,25
10,Insulin,Antibiotic,438,Capsules,21.87,HealthPharma Inc.,313A51EA,22/06/2025,Expired,30
11,Amoxicillin,First Aid,444,Tablets,18.94,MediSupply Ltd.,10D7D272,1/8/2026,Expiring Soon,23
12,Antacid,Digestive Aid,273,Tablets,41.07,Wellness Distributors,4DCD2BD5,17/06/2025,Expired,33
13,Ibuprofen,Allergy Relief,409,Sachets,42.45,PharmaCorp,94742C39,20/04/2025,Expiring Soon,33
14,Paracetamol,Vitamins,250,Sachets,14.9,PharmaCorp,4705E0BE,17/01/2027,Expired,16
15,Cough Syrup,Vitamins,122,Tablets,6.41,Wellness Distributors,A2A887BF,4/3/2027,Expired,43
16,Insulin,Diabetes Care,308,Bottles,25.52,PharmaCorp,CAA30B9D,25/02/2027,Expiring Soon,43
17,Insulin,Cough & Cold,308,Bottles,36.27,Wellness Distributors,65B6E11E,22/07/2026,Expiring Soon,6
18,Vitamin C,Allergy Relief,421,Tubes,30.47,PharmaCorp,2C222CFD,31/03/2026,Expiring Soon,24
19,Antiseptic Cream,Digestive Aid,237,Tubes,6.29,Wellness Distributors,6EE465C2,4/3/2027,Valid,6
20,Allergy Pills,First Aid,139,Capsules,12.55,HealthPharma Inc.,7FA614EC,24/09/2025,Expiring Soon,9
21,Eye Drops,Vitamins,340,Capsules,47.4,PharmaCorp,A408D624,25/06/2025,Expiring Soon,22
22,Paracetamol,Pain Relief,200,Tablets,47.93,HealthPharma Inc.,44C22426,5/12/2026,Expired,13
23,Vitamin C,Cough & Cold,157,Tablets,25.56,Wellness Distributors,C57C378C,26/06/2026,Expired,32
24,Eye Drops,Allergy Relief,281,Tablets,31.5,PharmaCorp,3F157A86,4/7/2026,Valid,5
25,Antacid,Allergy Relief,50,Capsules,34.47,CareMeds,54EB71FC,21/04/2026,Valid,39
26,Amoxicillin,Allergy Relief,189,Tablets,28.2,Wellness Distributors,6AF8F91B,8/5/2025,Valid,21
27,Vitamin C,Vitamins,139,Bottles,5.86,PharmaCorp,52D1DA08,18/01/2026,Expiring Soon,25
28,Eye Drops,Pain Relief,153,Capsules,4.8,PharmaCorp,C4D181A7,4/12/2025,Expired,18
29,Paracetamol,Antibiotic,342,Sachets,12.78,MediSupply Ltd.,2E7F1695,18/04/2026,Expired,7
30,Amoxicillin,Vitamins,278,Tubes,37.83,CareMeds,116B5692,26/12/2026,Expiring Soon,15
31,Insulin,Vitamins,290,Tubes,10.34,PharmaCorp,3F2B5F39,17/05/2026,Expired,20
32,Antiseptic Cream,Cough & Cold,319,Tubes,31.3,CareMeds,63509D9C,28/09/2026,Expired,14
33,Eye Drops,Eye Care,110,Capsules,16.74,CareMeds,C323BA94,21/06/2026,Expired,11
34,Ibuprofen,Antibiotic,426,Bottles,31.51,PharmaCorp,761F16D6,23/10/2026,Valid,8
35,Ibuprofen,First Aid,222,Capsules,21.36,HealthPharma Inc.,48BF9C58,16/09/2025,Expiring Soon,46
36,Antiseptic Cream,Pain Relief,11,Bottles,30.69,Wellness Distributors,B9F65765,11/9/2025,Valid,43
37,Paracetamol,Allergy Relief,59,Bottles,11.53,PharmaCorp,3DCBCCDF,4/6/2026,Valid,27
38,Eye Drops,Allergy Relief,186,Capsules,35.71,HealthPharma Inc.,39BAD9EE,9/8/2025,Expiring Soon,37
39,Antiseptic Cream,Diabetes Care,483,Sachets,40.74,HealthPharma Inc.,89BEF60B,17/12/2025,Expired,8
40,Eye Drops,Antibiotic,226,Capsules,25.36,MediSupply Ltd.,D60E772B,9/10/2025,Expiring Soon,16
41,Insulin,Digestive Aid,442,Capsules,33.88,PharmaCorp,1DE85C06,24/06/2025,Valid,50
42,Antiseptic Cream,First Aid,385,Capsules,43.74,CareMeds,B062F35E,26/03/2025,Expired,36
43,Vitamin C,First Aid,150,Tubes,18.39,HealthPharma Inc.,CCC6FF9A,15/04/2025,Valid,40
44,Vitamin C,Diabetes Care,337,Sachets,16.41,PharmaCorp,48DB99C7,18/08/2026,Valid,45
45,Amoxicillin,Diabetes Care,74,Tablets,24.39,CareMeds,48937FF6,16/07/2026,Expired,41
46,Vitamin C,Digestive Aid,444,Tubes,47.64,CareMeds,E1C9C137,24/08/2025,Valid,19
47,Ibuprofen,Diabetes Care,114,Capsules,18.32,Wellness Distributors,9F4C2B7B,5/2/2026,Valid,48
48,Vitamin C,Eye Care,61,Tubes,4.36,Wellness Distributors,9F19C779,8/4/2026,Valid,48
49,Paracetamol,Vitamins,353,Sachets,17.38,PharmaCorp,AE37420A,21/11/2025,Valid,13
50,Antiseptic Cream,First Aid,211,Capsules,46.76,PharmaCorp,401BFAA5,2/2/2026,Expired,37
51,Allergy Pills,Allergy Relief,173,Capsules,14.68,HealthPharma Inc.,55E408CE,21/06/2026,Valid,19
52,Vitamin C,Antibiotic,190,Tablets,17.3,MediSupply Ltd.,1C0A1559,23/07/2026,Expired,47
53,Antacid,Allergy Relief,276,Tablets,34.87,MediSupply Ltd.,E0A75069,24/01/2026,Expired,49
54,Ibuprofen,Diabetes Care,265,Capsules,43.63,Wellness Distributors,E42A0D21,9/2/2027,Expiring Soon,50
55,Paracetamol,Antibiotic,150,Tablets,35.03,Wellness Distributors,2B0A7E1C,5/11/2026,Expiring Soon,41
56,Ibuprofen,Antibiotic,253,Sachets,4.17,MediSupply Ltd.,DCB048FB,21/12/2026,Expiring Soon,44
57,Paracetamol,Diabetes Care,79,Tubes,49.28,PharmaCorp,3405578D,18/01/2026,Expired,24
58,Eye Drops,Vitamins,226,Capsules,18.67,HealthPharma Inc.,795FB226,20/03/2026,Expiring Soon,47
59,Cough Syrup,Antibiotic,56,Tubes,10.85,MediSupply Ltd.,E26080A2,13/09/2025,Expired,15
60,Vitamin C,First Aid,95,Tablets,39.09,Wellness Distributors,2703FA89,14/07/2025,Valid,42
61,Allergy Pills,Diabetes Care,450,Tablets,30.38,HealthPharma Inc.,90600261,4/10/2025,Expiring Soon,14
62,Amoxicillin,Pain Relief,248,Capsules,43.78,PharmaCorp,FDA28C84,20/12/2026,Expiring Soon,5
63,Antiseptic Cream,Eye Care,70,Tubes,45.39,HealthPharma Inc.,1ABBFACD,4/1/2026,Expired,36
64,Antiseptic Cream,Vitamins,433,Bottles,34.79,CareMeds,63BEE2E1,15/07/2025,Expiring Soon,17
65,Antiseptic Cream,Eye Care,413,Sachets,13.49,CareMeds,65F58766,24/09/2026,Expired,36
66,Eye Drops,Allergy Relief,338,Tablets,24.38,MediSupply Ltd.,BC2AEB5E,26/11/2026,Expired,27
67,Amoxicillin,Cough & Cold,62,Sachets,34.44,CareMeds,9BB3CF7F,29/11/2026,Valid,19
68,Antiseptic Cream,Eye Care,412,Tablets,14.5,CareMeds,E31CAF26,3/8/2025,Expired,14
69,Allergy Pills,Diabetes Care,11,Tubes,4.45,Wellness Distributors,05AC5530,8/4/2025,Expiring Soon,30
70,Antiseptic Cream,Digestive Aid,247,Sachets,21.81,HealthPharma Inc.,826AB223,2/12/2025,Expiring Soon,48
71,Cough Syrup,Vitamins,401,Bottles,29.94,HealthPharma Inc.,FE58D88A,22/04/2025,Expiring Soon,28
72,Paracetamol,Pain Relief,364,Sachets,15.41,PharmaCorp,2B0B4A7D,15/05/2025,Expiring Soon,30
73,Antacid,Pain Relief,185,Bottles,9.36,CareMeds,49410A91,30/05/2026,Valid,8
74,Cough Syrup,Cough & Cold,97,Tubes,17.38,MediSupply Ltd.,A4833798,20/12/2026,Expired,25
75,Antacid,Digestive Aid,455,Sachets,18.57,Wellness Distributors,E5E2124A,9/12/2026,Expired,50
76,Ibuprofen,Pain Relief,191,Bottles,28.9,Wellness Distributors,DFF0386F,6/3/2026,Valid,21
77,Vitamin C,Vitamins,432,Tubes,9.82,PharmaCorp,727A17A9,18/10/2026,Valid,28
78,Eye Drops,Eye Care,227,Sachets,35.49,PharmaCorp,D777B675,8/5/2026,Expired,20
79,Ibuprofen,Cough & Cold,450,Capsules,39.72,HealthPharma Inc.,B2CB126F,9/3/2026,Expiring Soon,35
80,Cough Syrup,Cough & Cold,145,Tablets,47.09,MediSupply Ltd.,600DDDF4,17/06/2026,Expiring Soon,32
81,Allergy Pills,Eye Care,128,Bottles,30.27,CareMeds,BF25DA3E,23/05/2026,Valid,49
82,Eye Drops,Pain Relief,283,Capsules,27.8,HealthPharma Inc.,7771E371,2/2/2026,Valid,27
83,Eye Drops,Diabetes Care,299,Capsules,6.77,Wellness Distributors,C39014F5,21/09/2026,Expired,9
84,Paracetamol,Eye Care,17,Tubes,4.49,CareMeds,41D775F6,9/3/2027,Valid,46
85,Antiseptic Cream,Eye Care,457,Capsules,2.87,HealthPharma Inc.,3ACB3B47,24/07/2025,Expired,31
86,Antacid,Diabetes Care,303,Sachets,31.41,MediSupply Ltd.,AF14CFA6,27/04/2026,Valid,18
87,Cough Syrup,Allergy Relief,422,Capsules,43.91,HealthPharma Inc.,6D31CF26,19/09/2025,Expired,35
88,Ibuprofen,Cough & Cold,472,Tubes,7.59,CareMeds,4C73E5B2,6/1/2026,Expired,31
89,Antiseptic Cream,Eye Care,188,Tablets,14.42,MediSupply Ltd.,9118404E,11/9/2026,Valid,23
90,Cough Syrup,First Aid,312,Capsules,30.65,PharmaCorp,CECB1AE1,10/2/2026,Expiring Soon,28
91,Antiseptic Cream,Digestive Aid,145,Sachets,9.05,CareMeds,6A139D63,5/12/2025,Expired,41
92,Antacid,Diabetes Care,88,Sachets,24.54,CareMeds,E4A008E3,25/04/2025,Expired,38
93,Vitamin C,Pain Relief,219,Bottles,42.58,MediSupply Ltd.,D4422A6C,18/04/2026,Expired,15
94,Paracetamol,Diabetes Care,316,Capsules,27.77,PharmaCorp,319354BD,2/12/2026,Expired,17
95,Antiseptic Cream,Pain Relief,18,Sachets,7.04,HealthPharma Inc.,4A754DEB,9/1/2027,Valid,39
96,Vitamin C,Cough & Cold,73,Tubes,10.22,CareMeds,86010327,25/03/2025,Expiring Soon,28
97,Antacid,Diabetes Care,307,Capsules,46.67,MediSupply Ltd.,B61CCE01,17/10/2025,Expired,24
98,Antiseptic Cream,Cough & Cold,394,Bottles,13.76,HealthPharma Inc.,6D734C0B,16/04/2025,Expiring Soon,37
99,Antacid,Vitamins,213,Tubes,36.51,CareMeds,2.05E+08,2/2/2027,Valid,42
100,Antacid,Allergy Relief,197,Capsules,9.16,Wellness Distributors,26E6B7A6,28/07/2026,Expiring Soon,45
